{
  "F1score": 0.3618849217891693,
  "loss": 0.29065270414428107
}