{
  "F1score": 0.5930390954017639,
  "loss": 0.24570483205810426
}