{
  "F1score": 0.6532371640205383,
  "loss": 0.2230445837217664
}