{
  "F1score": 0.22370602190494537,
  "loss": 0.33099146542095004
}