{
  "F1score": 0.03968894109129906,
  "loss": 0.44594113457770573
}